name,height,mass,hair_color,skin_color,eye_color,birth_year,gender,homeworld,films,species,vehicles,starships,created,edited,url,rotation_period,orbital_period,diameter,climate,gravity,terrain,surface_water,population,residents,model,manufacturer,cost_in_credits,length,max_atmosphering_speed,crew,passengers,cargo_capacity,consumables,hyperdrive_rating,MGLT,starship_class,pilots
Luke Skywalker,172,77,blond,fair,blue,19BBY,male,https://swapi.dev/api/planets/1/,"['https://swapi.dev/api/films/1/', 'https://swapi.dev/api/films/2/', 'https://swapi.dev/api/films/3/', 'https://swapi.dev/api/films/6/']",[],"['https://swapi.dev/api/vehicles/14/', 'https://swapi.dev/api/vehicles/30/']","['https://swapi.dev/api/starships/12/', 'https://swapi.dev/api/starships/22/']",2014-12-09T13:50:51.644000Z,2014-12-20T21:17:56.891000Z,https://swapi.dev/api/people/1/,,,,,,,,,,,,,,,,,,,,,,
C-3PO,167,75,n/a,gold,yellow,112BBY,n/a,https://swapi.dev/api/planets/1/,"['https://swapi.dev/api/films/1/', 'https://swapi.dev/api/films/2/', 'https://swapi.dev/api/films/3/', 'https://swapi.dev/api/films/4/', 'https://swapi.dev/api/films/5/', 'https://swapi.dev/api/films/6/']",['https://swapi.dev/api/species/2/'],[],[],2014-12-10T15:10:51.357000Z,2014-12-20T21:17:50.309000Z,https://swapi.dev/api/people/2/,,,,,,,,,,,,,,,,,,,,,,
R2-D2,96,32,n/a,"white, blue",red,33BBY,n/a,https://swapi.dev/api/planets/8/,"['https://swapi.dev/api/films/1/', 'https://swapi.dev/api/films/2/', 'https://swapi.dev/api/films/3/', 'https://swapi.dev/api/films/4/', 'https://swapi.dev/api/films/5/', 'https://swapi.dev/api/films/6/']",['https://swapi.dev/api/species/2/'],[],[],2014-12-10T15:11:50.376000Z,2014-12-20T21:17:50.311000Z,https://swapi.dev/api/people/3/,,,,,,,,,,,,,,,,,,,,,,
Darth Vader,202,136,none,white,yellow,41.9BBY,male,https://swapi.dev/api/planets/1/,"['https://swapi.dev/api/films/1/', 'https://swapi.dev/api/films/2/', 'https://swapi.dev/api/films/3/', 'https://swapi.dev/api/films/6/']",[],[],['https://swapi.dev/api/starships/13/'],2014-12-10T15:18:20.704000Z,2014-12-20T21:17:50.313000Z,https://swapi.dev/api/people/4/,,,,,,,,,,,,,,,,,,,,,,
Leia Organa,150,49,brown,light,brown,19BBY,female,https://swapi.dev/api/planets/2/,"['https://swapi.dev/api/films/1/', 'https://swapi.dev/api/films/2/', 'https://swapi.dev/api/films/3/', 'https://swapi.dev/api/films/6/']",[],['https://swapi.dev/api/vehicles/30/'],[],2014-12-10T15:20:09.791000Z,2014-12-20T21:17:50.315000Z,https://swapi.dev/api/people/5/,,,,,,,,,,,,,,,,,,,,,,
Owen Lars,178,120,"brown, grey",light,blue,52BBY,male,https://swapi.dev/api/planets/1/,"['https://swapi.dev/api/films/1/', 'https://swapi.dev/api/films/5/', 'https://swapi.dev/api/films/6/']",[],[],[],2014-12-10T15:52:14.024000Z,2014-12-20T21:17:50.317000Z,https://swapi.dev/api/people/6/,,,,,,,,,,,,,,,,,,,,,,
Beru Whitesun lars,165,75,brown,light,blue,47BBY,female,https://swapi.dev/api/planets/1/,"['https://swapi.dev/api/films/1/', 'https://swapi.dev/api/films/5/', 'https://swapi.dev/api/films/6/']",[],[],[],2014-12-10T15:53:41.121000Z,2014-12-20T21:17:50.319000Z,https://swapi.dev/api/people/7/,,,,,,,,,,,,,,,,,,,,,,
R5-D4,97,32,n/a,"white, red",red,unknown,n/a,https://swapi.dev/api/planets/1/,['https://swapi.dev/api/films/1/'],['https://swapi.dev/api/species/2/'],[],[],2014-12-10T15:57:50.959000Z,2014-12-20T21:17:50.321000Z,https://swapi.dev/api/people/8/,,,,,,,,,,,,,,,,,,,,,,
Biggs Darklighter,183,84,black,light,brown,24BBY,male,https://swapi.dev/api/planets/1/,['https://swapi.dev/api/films/1/'],[],[],['https://swapi.dev/api/starships/12/'],2014-12-10T15:59:50.509000Z,2014-12-20T21:17:50.323000Z,https://swapi.dev/api/people/9/,,,,,,,,,,,,,,,,,,,,,,
Obi-Wan Kenobi,182,77,"auburn, white",fair,blue-gray,57BBY,male,https://swapi.dev/api/planets/20/,"['https://swapi.dev/api/films/1/', 'https://swapi.dev/api/films/2/', 'https://swapi.dev/api/films/3/', 'https://swapi.dev/api/films/4/', 'https://swapi.dev/api/films/5/', 'https://swapi.dev/api/films/6/']",[],['https://swapi.dev/api/vehicles/38/'],"['https://swapi.dev/api/starships/48/', 'https://swapi.dev/api/starships/59/', 'https://swapi.dev/api/starships/64/', 'https://swapi.dev/api/starships/65/', 'https://swapi.dev/api/starships/74/']",2014-12-10T16:16:29.192000Z,2014-12-20T21:17:50.325000Z,https://swapi.dev/api/people/10/,,,,,,,,,,,,,,,,,,,,,,
Anakin Skywalker,188,84,blond,fair,blue,41.9BBY,male,https://swapi.dev/api/planets/1/,"['https://swapi.dev/api/films/4/', 'https://swapi.dev/api/films/5/', 'https://swapi.dev/api/films/6/']",[],"['https://swapi.dev/api/vehicles/44/', 'https://swapi.dev/api/vehicles/46/']","['https://swapi.dev/api/starships/39/', 'https://swapi.dev/api/starships/59/', 'https://swapi.dev/api/starships/65/']",2014-12-10T16:20:44.310000Z,2014-12-20T21:17:50.327000Z,https://swapi.dev/api/people/11/,,,,,,,,,,,,,,,,,,,,,,
Wilhuff Tarkin,180,unknown,"auburn, grey",fair,blue,64BBY,male,https://swapi.dev/api/planets/21/,"['https://swapi.dev/api/films/1/', 'https://swapi.dev/api/films/6/']",[],[],[],2014-12-10T16:26:56.138000Z,2014-12-20T21:17:50.330000Z,https://swapi.dev/api/people/12/,,,,,,,,,,,,,,,,,,,,,,
Chewbacca,228,112,brown,unknown,blue,200BBY,male,https://swapi.dev/api/planets/14/,"['https://swapi.dev/api/films/1/', 'https://swapi.dev/api/films/2/', 'https://swapi.dev/api/films/3/', 'https://swapi.dev/api/films/6/']",['https://swapi.dev/api/species/3/'],['https://swapi.dev/api/vehicles/19/'],"['https://swapi.dev/api/starships/10/', 'https://swapi.dev/api/starships/22/']",2014-12-10T16:42:45.066000Z,2014-12-20T21:17:50.332000Z,https://swapi.dev/api/people/13/,,,,,,,,,,,,,,,,,,,,,,
Han Solo,180,80,brown,fair,brown,29BBY,male,https://swapi.dev/api/planets/22/,"['https://swapi.dev/api/films/1/', 'https://swapi.dev/api/films/2/', 'https://swapi.dev/api/films/3/']",[],[],"['https://swapi.dev/api/starships/10/', 'https://swapi.dev/api/starships/22/']",2014-12-10T16:49:14.582000Z,2014-12-20T21:17:50.334000Z,https://swapi.dev/api/people/14/,,,,,,,,,,,,,,,,,,,,,,
Greedo,173,74,n/a,green,black,44BBY,male,https://swapi.dev/api/planets/23/,['https://swapi.dev/api/films/1/'],['https://swapi.dev/api/species/4/'],[],[],2014-12-10T17:03:30.334000Z,2014-12-20T21:17:50.336000Z,https://swapi.dev/api/people/15/,,,,,,,,,,,,,,,,,,,,,,
Jabba Desilijic Tiure,175,"1,358",n/a,"green-tan, brown",orange,600BBY,hermaphrodite,https://swapi.dev/api/planets/24/,"['https://swapi.dev/api/films/1/', 'https://swapi.dev/api/films/3/', 'https://swapi.dev/api/films/4/']",['https://swapi.dev/api/species/5/'],[],[],2014-12-10T17:11:31.638000Z,2014-12-20T21:17:50.338000Z,https://swapi.dev/api/people/16/,,,,,,,,,,,,,,,,,,,,,,
Wedge Antilles,170,77,brown,fair,hazel,21BBY,male,https://swapi.dev/api/planets/22/,"['https://swapi.dev/api/films/1/', 'https://swapi.dev/api/films/2/', 'https://swapi.dev/api/films/3/']",[],['https://swapi.dev/api/vehicles/14/'],['https://swapi.dev/api/starships/12/'],2014-12-12T11:08:06.469000Z,2014-12-20T21:17:50.341000Z,https://swapi.dev/api/people/18/,,,,,,,,,,,,,,,,,,,,,,
Jek Tono Porkins,180,110,brown,fair,blue,unknown,male,https://swapi.dev/api/planets/26/,['https://swapi.dev/api/films/1/'],[],[],['https://swapi.dev/api/starships/12/'],2014-12-12T11:16:56.569000Z,2014-12-20T21:17:50.343000Z,https://swapi.dev/api/people/19/,,,,,,,,,,,,,,,,,,,,,,
Yoda,66,17,white,green,brown,896BBY,male,https://swapi.dev/api/planets/28/,"['https://swapi.dev/api/films/2/', 'https://swapi.dev/api/films/3/', 'https://swapi.dev/api/films/4/', 'https://swapi.dev/api/films/5/', 'https://swapi.dev/api/films/6/']",['https://swapi.dev/api/species/6/'],[],[],2014-12-15T12:26:01.042000Z,2014-12-20T21:17:50.345000Z,https://swapi.dev/api/people/20/,,,,,,,,,,,,,,,,,,,,,,
Palpatine,170,75,grey,pale,yellow,82BBY,male,https://swapi.dev/api/planets/8/,"['https://swapi.dev/api/films/2/', 'https://swapi.dev/api/films/3/', 'https://swapi.dev/api/films/4/', 'https://swapi.dev/api/films/5/', 'https://swapi.dev/api/films/6/']",[],[],[],2014-12-15T12:48:05.971000Z,2014-12-20T21:17:50.347000Z,https://swapi.dev/api/people/21/,,,,,,,,,,,,,,,,,,,,,,
Boba Fett,183,78.2,black,fair,brown,31.5BBY,male,https://swapi.dev/api/planets/10/,"['https://swapi.dev/api/films/2/', 'https://swapi.dev/api/films/3/', 'https://swapi.dev/api/films/5/']",[],[],['https://swapi.dev/api/starships/21/'],2014-12-15T12:49:32.457000Z,2014-12-20T21:17:50.349000Z,https://swapi.dev/api/people/22/,,,,,,,,,,,,,,,,,,,,,,
IG-88,200,140,none,metal,red,15BBY,none,https://swapi.dev/api/planets/28/,['https://swapi.dev/api/films/2/'],['https://swapi.dev/api/species/2/'],[],[],2014-12-15T12:51:10.076000Z,2014-12-20T21:17:50.351000Z,https://swapi.dev/api/people/23/,,,,,,,,,,,,,,,,,,,,,,
Bossk,190,113,none,green,red,53BBY,male,https://swapi.dev/api/planets/29/,['https://swapi.dev/api/films/2/'],['https://swapi.dev/api/species/7/'],[],[],2014-12-15T12:53:49.297000Z,2014-12-20T21:17:50.355000Z,https://swapi.dev/api/people/24/,,,,,,,,,,,,,,,,,,,,,,
Lando Calrissian,177,79,black,dark,brown,31BBY,male,https://swapi.dev/api/planets/30/,"['https://swapi.dev/api/films/2/', 'https://swapi.dev/api/films/3/']",[],[],['https://swapi.dev/api/starships/10/'],2014-12-15T12:56:32.683000Z,2014-12-20T21:17:50.357000Z,https://swapi.dev/api/people/25/,,,,,,,,,,,,,,,,,,,,,,
Lobot,175,79,none,light,blue,37BBY,male,https://swapi.dev/api/planets/6/,['https://swapi.dev/api/films/2/'],[],[],[],2014-12-15T13:01:57.178000Z,2014-12-20T21:17:50.359000Z,https://swapi.dev/api/people/26/,,,,,,,,,,,,,,,,,,,,,,
Ackbar,180,83,none,brown mottle,orange,41BBY,male,https://swapi.dev/api/planets/31/,['https://swapi.dev/api/films/3/'],['https://swapi.dev/api/species/8/'],[],[],2014-12-18T11:07:50.584000Z,2014-12-20T21:17:50.362000Z,https://swapi.dev/api/people/27/,,,,,,,,,,,,,,,,,,,,,,
Mon Mothma,150,unknown,auburn,fair,blue,48BBY,female,https://swapi.dev/api/planets/32/,['https://swapi.dev/api/films/3/'],[],[],[],2014-12-18T11:12:38.895000Z,2014-12-20T21:17:50.364000Z,https://swapi.dev/api/people/28/,,,,,,,,,,,,,,,,,,,,,,
Arvel Crynyd,unknown,unknown,brown,fair,brown,unknown,male,https://swapi.dev/api/planets/28/,['https://swapi.dev/api/films/3/'],[],[],['https://swapi.dev/api/starships/28/'],2014-12-18T11:16:33.020000Z,2014-12-20T21:17:50.367000Z,https://swapi.dev/api/people/29/,,,,,,,,,,,,,,,,,,,,,,
Wicket Systri Warrick,88,20,brown,brown,brown,8BBY,male,https://swapi.dev/api/planets/7/,['https://swapi.dev/api/films/3/'],['https://swapi.dev/api/species/9/'],[],[],2014-12-18T11:21:58.954000Z,2014-12-20T21:17:50.369000Z,https://swapi.dev/api/people/30/,,,,,,,,,,,,,,,,,,,,,,
Nien Nunb,160,68,none,grey,black,unknown,male,https://swapi.dev/api/planets/33/,['https://swapi.dev/api/films/3/'],['https://swapi.dev/api/species/10/'],[],['https://swapi.dev/api/starships/10/'],2014-12-18T11:26:18.541000Z,2014-12-20T21:17:50.371000Z,https://swapi.dev/api/people/31/,,,,,,,,,,,,,,,,,,,,,,
Qui-Gon Jinn,193,89,brown,fair,blue,92BBY,male,https://swapi.dev/api/planets/28/,['https://swapi.dev/api/films/4/'],[],['https://swapi.dev/api/vehicles/38/'],[],2014-12-19T16:54:53.618000Z,2014-12-20T21:17:50.375000Z,https://swapi.dev/api/people/32/,,,,,,,,,,,,,,,,,,,,,,
Nute Gunray,191,90,none,mottled green,red,unknown,male,https://swapi.dev/api/planets/18/,"['https://swapi.dev/api/films/4/', 'https://swapi.dev/api/films/5/', 'https://swapi.dev/api/films/6/']",['https://swapi.dev/api/species/11/'],[],[],2014-12-19T17:05:57.357000Z,2014-12-20T21:17:50.377000Z,https://swapi.dev/api/people/33/,,,,,,,,,,,,,,,,,,,,,,
Finis Valorum,170,unknown,blond,fair,blue,91BBY,male,https://swapi.dev/api/planets/9/,['https://swapi.dev/api/films/4/'],[],[],[],2014-12-19T17:21:45.915000Z,2014-12-20T21:17:50.379000Z,https://swapi.dev/api/people/34/,,,,,,,,,,,,,,,,,,,,,,
Padmé Amidala,185,45,brown,light,brown,46BBY,female,https://swapi.dev/api/planets/8/,"['https://swapi.dev/api/films/4/', 'https://swapi.dev/api/films/5/', 'https://swapi.dev/api/films/6/']",[],[],"['https://swapi.dev/api/starships/39/', 'https://swapi.dev/api/starships/49/', 'https://swapi.dev/api/starships/64/']",2014-12-19T17:28:26.926000Z,2014-12-20T21:17:50.381000Z,https://swapi.dev/api/people/35/,,,,,,,,,,,,,,,,,,,,,,
Jar Jar Binks,196,66,none,orange,orange,52BBY,male,https://swapi.dev/api/planets/8/,"['https://swapi.dev/api/films/4/', 'https://swapi.dev/api/films/5/']",['https://swapi.dev/api/species/12/'],[],[],2014-12-19T17:29:32.489000Z,2014-12-20T21:17:50.383000Z,https://swapi.dev/api/people/36/,,,,,,,,,,,,,,,,,,,,,,
Roos Tarpals,224,82,none,grey,orange,unknown,male,https://swapi.dev/api/planets/8/,['https://swapi.dev/api/films/4/'],['https://swapi.dev/api/species/12/'],[],[],2014-12-19T17:32:56.741000Z,2014-12-20T21:17:50.385000Z,https://swapi.dev/api/people/37/,,,,,,,,,,,,,,,,,,,,,,
Rugor Nass,206,unknown,none,green,orange,unknown,male,https://swapi.dev/api/planets/8/,['https://swapi.dev/api/films/4/'],['https://swapi.dev/api/species/12/'],[],[],2014-12-19T17:33:38.909000Z,2014-12-20T21:17:50.388000Z,https://swapi.dev/api/people/38/,,,,,,,,,,,,,,,,,,,,,,
Ric Olié,183,unknown,brown,fair,blue,unknown,male,https://swapi.dev/api/planets/8/,['https://swapi.dev/api/films/4/'],[],[],['https://swapi.dev/api/starships/40/'],2014-12-19T17:45:01.522000Z,2014-12-20T21:17:50.392000Z,https://swapi.dev/api/people/39/,,,,,,,,,,,,,,,,,,,,,,
Watto,137,unknown,black,"blue, grey",yellow,unknown,male,https://swapi.dev/api/planets/34/,"['https://swapi.dev/api/films/4/', 'https://swapi.dev/api/films/5/']",['https://swapi.dev/api/species/13/'],[],[],2014-12-19T17:48:54.647000Z,2014-12-20T21:17:50.395000Z,https://swapi.dev/api/people/40/,,,,,,,,,,,,,,,,,,,,,,
Sebulba,112,40,none,"grey, red",orange,unknown,male,https://swapi.dev/api/planets/35/,['https://swapi.dev/api/films/4/'],['https://swapi.dev/api/species/14/'],[],[],2014-12-19T17:53:02.586000Z,2014-12-20T21:17:50.397000Z,https://swapi.dev/api/people/41/,,,,,,,,,,,,,,,,,,,,,,
Quarsh Panaka,183,unknown,black,dark,brown,62BBY,male,https://swapi.dev/api/planets/8/,['https://swapi.dev/api/films/4/'],[],[],[],2014-12-19T17:55:43.348000Z,2014-12-20T21:17:50.399000Z,https://swapi.dev/api/people/42/,,,,,,,,,,,,,,,,,,,,,,
Shmi Skywalker,163,unknown,black,fair,brown,72BBY,female,https://swapi.dev/api/planets/1/,"['https://swapi.dev/api/films/4/', 'https://swapi.dev/api/films/5/']",[],[],[],2014-12-19T17:57:41.191000Z,2014-12-20T21:17:50.401000Z,https://swapi.dev/api/people/43/,,,,,,,,,,,,,,,,,,,,,,
Darth Maul,175,80,none,red,yellow,54BBY,male,https://swapi.dev/api/planets/36/,['https://swapi.dev/api/films/4/'],['https://swapi.dev/api/species/22/'],['https://swapi.dev/api/vehicles/42/'],['https://swapi.dev/api/starships/41/'],2014-12-19T18:00:41.929000Z,2014-12-20T21:17:50.403000Z,https://swapi.dev/api/people/44/,,,,,,,,,,,,,,,,,,,,,,
Bib Fortuna,180,unknown,none,pale,pink,unknown,male,https://swapi.dev/api/planets/37/,['https://swapi.dev/api/films/3/'],['https://swapi.dev/api/species/15/'],[],[],2014-12-20T09:47:02.512000Z,2014-12-20T21:17:50.407000Z,https://swapi.dev/api/people/45/,,,,,,,,,,,,,,,,,,,,,,
Ayla Secura,178,55,none,blue,hazel,48BBY,female,https://swapi.dev/api/planets/37/,"['https://swapi.dev/api/films/4/', 'https://swapi.dev/api/films/5/', 'https://swapi.dev/api/films/6/']",['https://swapi.dev/api/species/15/'],[],[],2014-12-20T09:48:01.172000Z,2014-12-20T21:17:50.409000Z,https://swapi.dev/api/people/46/,,,,,,,,,,,,,,,,,,,,,,
Ratts Tyerel,79,15,none,"grey, blue",unknown,unknown,male,https://swapi.dev/api/planets/38/,['https://swapi.dev/api/films/4/'],['https://swapi.dev/api/species/16/'],[],[],2014-12-20T09:53:15.086000Z,2014-12-20T21:17:50.410000Z,https://swapi.dev/api/people/47/,,,,,,,,,,,,,,,,,,,,,,
Dud Bolt,94,45,none,"blue, grey",yellow,unknown,male,https://swapi.dev/api/planets/39/,['https://swapi.dev/api/films/4/'],['https://swapi.dev/api/species/17/'],[],[],2014-12-20T09:57:31.858000Z,2014-12-20T21:17:50.414000Z,https://swapi.dev/api/people/48/,,,,,,,,,,,,,,,,,,,,,,
Gasgano,122,unknown,none,"white, blue",black,unknown,male,https://swapi.dev/api/planets/40/,['https://swapi.dev/api/films/4/'],['https://swapi.dev/api/species/18/'],[],[],2014-12-20T10:02:12.223000Z,2014-12-20T21:17:50.416000Z,https://swapi.dev/api/people/49/,,,,,,,,,,,,,,,,,,,,,,
Ben Quadinaros,163,65,none,"grey, green, yellow",orange,unknown,male,https://swapi.dev/api/planets/41/,['https://swapi.dev/api/films/4/'],['https://swapi.dev/api/species/19/'],[],[],2014-12-20T10:08:33.777000Z,2014-12-20T21:17:50.417000Z,https://swapi.dev/api/people/50/,,,,,,,,,,,,,,,,,,,,,,
Mace Windu,188,84,none,dark,brown,72BBY,male,https://swapi.dev/api/planets/42/,"['https://swapi.dev/api/films/4/', 'https://swapi.dev/api/films/5/', 'https://swapi.dev/api/films/6/']",[],[],[],2014-12-20T10:12:30.846000Z,2014-12-20T21:17:50.420000Z,https://swapi.dev/api/people/51/,,,,,,,,,,,,,,,,,,,,,,
Ki-Adi-Mundi,198,82,white,pale,yellow,92BBY,male,https://swapi.dev/api/planets/43/,"['https://swapi.dev/api/films/4/', 'https://swapi.dev/api/films/5/', 'https://swapi.dev/api/films/6/']",['https://swapi.dev/api/species/20/'],[],[],2014-12-20T10:15:32.293000Z,2014-12-20T21:17:50.422000Z,https://swapi.dev/api/people/52/,,,,,,,,,,,,,,,,,,,,,,
Kit Fisto,196,87,none,green,black,unknown,male,https://swapi.dev/api/planets/44/,"['https://swapi.dev/api/films/4/', 'https://swapi.dev/api/films/5/', 'https://swapi.dev/api/films/6/']",['https://swapi.dev/api/species/21/'],[],[],2014-12-20T10:18:57.202000Z,2014-12-20T21:17:50.424000Z,https://swapi.dev/api/people/53/,,,,,,,,,,,,,,,,,,,,,,
Eeth Koth,171,unknown,black,brown,brown,unknown,male,https://swapi.dev/api/planets/45/,"['https://swapi.dev/api/films/4/', 'https://swapi.dev/api/films/6/']",['https://swapi.dev/api/species/22/'],[],[],2014-12-20T10:26:47.902000Z,2014-12-20T21:17:50.427000Z,https://swapi.dev/api/people/54/,,,,,,,,,,,,,,,,,,,,,,
Adi Gallia,184,50,none,dark,blue,unknown,female,https://swapi.dev/api/planets/9/,"['https://swapi.dev/api/films/4/', 'https://swapi.dev/api/films/6/']",['https://swapi.dev/api/species/23/'],[],[],2014-12-20T10:29:11.661000Z,2014-12-20T21:17:50.432000Z,https://swapi.dev/api/people/55/,,,,,,,,,,,,,,,,,,,,,,
Saesee Tiin,188,unknown,none,pale,orange,unknown,male,https://swapi.dev/api/planets/47/,"['https://swapi.dev/api/films/4/', 'https://swapi.dev/api/films/6/']",['https://swapi.dev/api/species/24/'],[],[],2014-12-20T10:32:11.669000Z,2014-12-20T21:17:50.434000Z,https://swapi.dev/api/people/56/,,,,,,,,,,,,,,,,,,,,,,
Yarael Poof,264,unknown,none,white,yellow,unknown,male,https://swapi.dev/api/planets/48/,['https://swapi.dev/api/films/4/'],['https://swapi.dev/api/species/25/'],[],[],2014-12-20T10:34:48.725000Z,2014-12-20T21:17:50.437000Z,https://swapi.dev/api/people/57/,,,,,,,,,,,,,,,,,,,,,,
Plo Koon,188,80,none,orange,black,22BBY,male,https://swapi.dev/api/planets/49/,"['https://swapi.dev/api/films/4/', 'https://swapi.dev/api/films/5/', 'https://swapi.dev/api/films/6/']",['https://swapi.dev/api/species/26/'],[],['https://swapi.dev/api/starships/48/'],2014-12-20T10:49:19.859000Z,2014-12-20T21:17:50.439000Z,https://swapi.dev/api/people/58/,,,,,,,,,,,,,,,,,,,,,,
Mas Amedda,196,unknown,none,blue,blue,unknown,male,https://swapi.dev/api/planets/50/,"['https://swapi.dev/api/films/4/', 'https://swapi.dev/api/films/5/']",['https://swapi.dev/api/species/27/'],[],[],2014-12-20T10:53:26.457000Z,2014-12-20T21:17:50.442000Z,https://swapi.dev/api/people/59/,,,,,,,,,,,,,,,,,,,,,,
Gregar Typho,185,85,black,dark,brown,unknown,male,https://swapi.dev/api/planets/8/,['https://swapi.dev/api/films/5/'],[],[],['https://swapi.dev/api/starships/39/'],2014-12-20T11:10:10.381000Z,2014-12-20T21:17:50.445000Z,https://swapi.dev/api/people/60/,,,,,,,,,,,,,,,,,,,,,,
Cordé,157,unknown,brown,light,brown,unknown,female,https://swapi.dev/api/planets/8/,['https://swapi.dev/api/films/5/'],[],[],[],2014-12-20T11:11:39.630000Z,2014-12-20T21:17:50.449000Z,https://swapi.dev/api/people/61/,,,,,,,,,,,,,,,,,,,,,,
Cliegg Lars,183,unknown,brown,fair,blue,82BBY,male,https://swapi.dev/api/planets/1/,['https://swapi.dev/api/films/5/'],[],[],[],2014-12-20T15:59:03.958000Z,2014-12-20T21:17:50.451000Z,https://swapi.dev/api/people/62/,,,,,,,,,,,,,,,,,,,,,,
Poggle the Lesser,183,80,none,green,yellow,unknown,male,https://swapi.dev/api/planets/11/,"['https://swapi.dev/api/films/5/', 'https://swapi.dev/api/films/6/']",['https://swapi.dev/api/species/28/'],[],[],2014-12-20T16:40:43.977000Z,2014-12-20T21:17:50.453000Z,https://swapi.dev/api/people/63/,,,,,,,,,,,,,,,,,,,,,,
Luminara Unduli,170,56.2,black,yellow,blue,58BBY,female,https://swapi.dev/api/planets/51/,"['https://swapi.dev/api/films/5/', 'https://swapi.dev/api/films/6/']",['https://swapi.dev/api/species/29/'],[],[],2014-12-20T16:45:53.668000Z,2014-12-20T21:17:50.455000Z,https://swapi.dev/api/people/64/,,,,,,,,,,,,,,,,,,,,,,
Barriss Offee,166,50,black,yellow,blue,40BBY,female,https://swapi.dev/api/planets/51/,['https://swapi.dev/api/films/5/'],['https://swapi.dev/api/species/29/'],[],[],2014-12-20T16:46:40.440000Z,2014-12-20T21:17:50.457000Z,https://swapi.dev/api/people/65/,,,,,,,,,,,,,,,,,,,,,,
Dormé,165,unknown,brown,light,brown,unknown,female,https://swapi.dev/api/planets/8/,['https://swapi.dev/api/films/5/'],['https://swapi.dev/api/species/1/'],[],[],2014-12-20T16:49:14.640000Z,2014-12-20T21:17:50.460000Z,https://swapi.dev/api/people/66/,,,,,,,,,,,,,,,,,,,,,,
Dooku,193,80,white,fair,brown,102BBY,male,https://swapi.dev/api/planets/52/,"['https://swapi.dev/api/films/5/', 'https://swapi.dev/api/films/6/']",['https://swapi.dev/api/species/1/'],['https://swapi.dev/api/vehicles/55/'],[],2014-12-20T16:52:14.726000Z,2014-12-20T21:17:50.462000Z,https://swapi.dev/api/people/67/,,,,,,,,,,,,,,,,,,,,,,
Bail Prestor Organa,191,unknown,black,tan,brown,67BBY,male,https://swapi.dev/api/planets/2/,"['https://swapi.dev/api/films/5/', 'https://swapi.dev/api/films/6/']",['https://swapi.dev/api/species/1/'],[],[],2014-12-20T16:53:08.575000Z,2014-12-20T21:17:50.463000Z,https://swapi.dev/api/people/68/,,,,,,,,,,,,,,,,,,,,,,
Jango Fett,183,79,black,tan,brown,66BBY,male,https://swapi.dev/api/planets/53/,['https://swapi.dev/api/films/5/'],[],[],[],2014-12-20T16:54:41.620000Z,2014-12-20T21:17:50.465000Z,https://swapi.dev/api/people/69/,,,,,,,,,,,,,,,,,,,,,,
Zam Wesell,168,55,blonde,"fair, green, yellow",yellow,unknown,female,https://swapi.dev/api/planets/54/,['https://swapi.dev/api/films/5/'],['https://swapi.dev/api/species/30/'],['https://swapi.dev/api/vehicles/45/'],[],2014-12-20T16:57:44.471000Z,2014-12-20T21:17:50.468000Z,https://swapi.dev/api/people/70/,,,,,,,,,,,,,,,,,,,,,,
Dexter Jettster,198,102,none,brown,yellow,unknown,male,https://swapi.dev/api/planets/55/,['https://swapi.dev/api/films/5/'],['https://swapi.dev/api/species/31/'],[],[],2014-12-20T17:28:27.248000Z,2014-12-20T21:17:50.470000Z,https://swapi.dev/api/people/71/,,,,,,,,,,,,,,,,,,,,,,
Lama Su,229,88,none,grey,black,unknown,male,https://swapi.dev/api/planets/10/,['https://swapi.dev/api/films/5/'],['https://swapi.dev/api/species/32/'],[],[],2014-12-20T17:30:50.416000Z,2014-12-20T21:17:50.473000Z,https://swapi.dev/api/people/72/,,,,,,,,,,,,,,,,,,,,,,
Taun We,213,unknown,none,grey,black,unknown,female,https://swapi.dev/api/planets/10/,['https://swapi.dev/api/films/5/'],['https://swapi.dev/api/species/32/'],[],[],2014-12-20T17:31:21.195000Z,2014-12-20T21:17:50.474000Z,https://swapi.dev/api/people/73/,,,,,,,,,,,,,,,,,,,,,,
Jocasta Nu,167,unknown,white,fair,blue,unknown,female,https://swapi.dev/api/planets/9/,['https://swapi.dev/api/films/5/'],['https://swapi.dev/api/species/1/'],[],[],2014-12-20T17:32:51.996000Z,2014-12-20T21:17:50.476000Z,https://swapi.dev/api/people/74/,,,,,,,,,,,,,,,,,,,,,,
R4-P17,96,unknown,none,"silver, red","red, blue",unknown,female,https://swapi.dev/api/planets/28/,"['https://swapi.dev/api/films/5/', 'https://swapi.dev/api/films/6/']",[],[],[],2014-12-20T17:43:36.409000Z,2014-12-20T21:17:50.478000Z,https://swapi.dev/api/people/75/,,,,,,,,,,,,,,,,,,,,,,
Wat Tambor,193,48,none,"green, grey",unknown,unknown,male,https://swapi.dev/api/planets/56/,['https://swapi.dev/api/films/5/'],['https://swapi.dev/api/species/33/'],[],[],2014-12-20T17:53:52.607000Z,2014-12-20T21:17:50.481000Z,https://swapi.dev/api/people/76/,,,,,,,,,,,,,,,,,,,,,,
San Hill,191,unknown,none,grey,gold,unknown,male,https://swapi.dev/api/planets/57/,['https://swapi.dev/api/films/5/'],['https://swapi.dev/api/species/34/'],[],[],2014-12-20T17:58:17.049000Z,2014-12-20T21:17:50.484000Z,https://swapi.dev/api/people/77/,,,,,,,,,,,,,,,,,,,,,,
Shaak Ti,178,57,none,"red, blue, white",black,unknown,female,https://swapi.dev/api/planets/58/,"['https://swapi.dev/api/films/5/', 'https://swapi.dev/api/films/6/']",['https://swapi.dev/api/species/35/'],[],[],2014-12-20T18:44:01.103000Z,2014-12-20T21:17:50.486000Z,https://swapi.dev/api/people/78/,,,,,,,,,,,,,,,,,,,,,,
Grievous,216,159,none,"brown, white","green, yellow",unknown,male,https://swapi.dev/api/planets/59/,['https://swapi.dev/api/films/6/'],['https://swapi.dev/api/species/36/'],['https://swapi.dev/api/vehicles/60/'],['https://swapi.dev/api/starships/74/'],2014-12-20T19:43:53.348000Z,2014-12-20T21:17:50.488000Z,https://swapi.dev/api/people/79/,,,,,,,,,,,,,,,,,,,,,,
Tarfful,234,136,brown,brown,blue,unknown,male,https://swapi.dev/api/planets/14/,['https://swapi.dev/api/films/6/'],['https://swapi.dev/api/species/3/'],[],[],2014-12-20T19:46:34.209000Z,2014-12-20T21:17:50.491000Z,https://swapi.dev/api/people/80/,,,,,,,,,,,,,,,,,,,,,,
Raymus Antilles,188,79,brown,light,brown,unknown,male,https://swapi.dev/api/planets/2/,"['https://swapi.dev/api/films/1/', 'https://swapi.dev/api/films/6/']",[],[],[],2014-12-20T19:49:35.583000Z,2014-12-20T21:17:50.493000Z,https://swapi.dev/api/people/81/,,,,,,,,,,,,,,,,,,,,,,
Sly Moore,178,48,none,pale,white,unknown,female,https://swapi.dev/api/planets/60/,"['https://swapi.dev/api/films/5/', 'https://swapi.dev/api/films/6/']",[],[],[],2014-12-20T20:18:37.619000Z,2014-12-20T21:17:50.496000Z,https://swapi.dev/api/people/82/,,,,,,,,,,,,,,,,,,,,,,
Tion Medon,206,80,none,grey,black,unknown,male,https://swapi.dev/api/planets/12/,['https://swapi.dev/api/films/6/'],['https://swapi.dev/api/species/37/'],[],[],2014-12-20T20:35:04.260000Z,2014-12-20T21:17:50.498000Z,https://swapi.dev/api/people/83/,,,,,,,,,,,,,,,,,,,,,,
Tatooine,,,,,,,,,"['https://swapi.dev/api/films/1/', 'https://swapi.dev/api/films/3/', 'https://swapi.dev/api/films/4/', 'https://swapi.dev/api/films/5/', 'https://swapi.dev/api/films/6/']",,,,2014-12-09T13:50:49.641000Z,2014-12-20T20:58:18.411000Z,https://swapi.dev/api/planets/1/,23,304,10465,arid,1 standard,desert,1,200000,"['https://swapi.dev/api/people/1/', 'https://swapi.dev/api/people/2/', 'https://swapi.dev/api/people/4/', 'https://swapi.dev/api/people/6/', 'https://swapi.dev/api/people/7/', 'https://swapi.dev/api/people/8/', 'https://swapi.dev/api/people/9/', 'https://swapi.dev/api/people/11/', 'https://swapi.dev/api/people/43/', 'https://swapi.dev/api/people/62/']",,,,,,,,,,,,,
Alderaan,,,,,,,,,"['https://swapi.dev/api/films/1/', 'https://swapi.dev/api/films/6/']",,,,2014-12-10T11:35:48.479000Z,2014-12-20T20:58:18.420000Z,https://swapi.dev/api/planets/2/,24,364,12500,temperate,1 standard,"grasslands, mountains",40,2000000000,"['https://swapi.dev/api/people/5/', 'https://swapi.dev/api/people/68/', 'https://swapi.dev/api/people/81/']",,,,,,,,,,,,,
Yavin IV,,,,,,,,,['https://swapi.dev/api/films/1/'],,,,2014-12-10T11:37:19.144000Z,2014-12-20T20:58:18.421000Z,https://swapi.dev/api/planets/3/,24,4818,10200,"temperate, tropical",1 standard,"jungle, rainforests",8,1000,[],,,,,,,,,,,,,
Hoth,,,,,,,,,['https://swapi.dev/api/films/2/'],,,,2014-12-10T11:39:13.934000Z,2014-12-20T20:58:18.423000Z,https://swapi.dev/api/planets/4/,23,549,7200,frozen,1.1 standard,"tundra, ice caves, mountain ranges",100,unknown,[],,,,,,,,,,,,,
Dagobah,,,,,,,,,"['https://swapi.dev/api/films/2/', 'https://swapi.dev/api/films/3/', 'https://swapi.dev/api/films/6/']",,,,2014-12-10T11:42:22.590000Z,2014-12-20T20:58:18.425000Z,https://swapi.dev/api/planets/5/,23,341,8900,murky,N/A,"swamp, jungles",8,unknown,[],,,,,,,,,,,,,
Bespin,,,,,,,,,['https://swapi.dev/api/films/2/'],,,,2014-12-10T11:43:55.240000Z,2014-12-20T20:58:18.427000Z,https://swapi.dev/api/planets/6/,12,5110,118000,temperate,"1.5 (surface), 1 standard (Cloud City)",gas giant,0,6000000,['https://swapi.dev/api/people/26/'],,,,,,,,,,,,,
Endor,,,,,,,,,['https://swapi.dev/api/films/3/'],,,,2014-12-10T11:50:29.349000Z,2014-12-20T20:58:18.429000Z,https://swapi.dev/api/planets/7/,18,402,4900,temperate,0.85 standard,"forests, mountains, lakes",8,30000000,['https://swapi.dev/api/people/30/'],,,,,,,,,,,,,
Naboo,,,,,,,,,"['https://swapi.dev/api/films/3/', 'https://swapi.dev/api/films/4/', 'https://swapi.dev/api/films/5/', 'https://swapi.dev/api/films/6/']",,,,2014-12-10T11:52:31.066000Z,2014-12-20T20:58:18.430000Z,https://swapi.dev/api/planets/8/,26,312,12120,temperate,1 standard,"grassy hills, swamps, forests, mountains",12,4500000000,"['https://swapi.dev/api/people/3/', 'https://swapi.dev/api/people/21/', 'https://swapi.dev/api/people/35/', 'https://swapi.dev/api/people/36/', 'https://swapi.dev/api/people/37/', 'https://swapi.dev/api/people/38/', 'https://swapi.dev/api/people/39/', 'https://swapi.dev/api/people/42/', 'https://swapi.dev/api/people/60/', 'https://swapi.dev/api/people/61/', 'https://swapi.dev/api/people/66/']",,,,,,,,,,,,,
Coruscant,,,,,,,,,"['https://swapi.dev/api/films/3/', 'https://swapi.dev/api/films/4/', 'https://swapi.dev/api/films/5/', 'https://swapi.dev/api/films/6/']",,,,2014-12-10T11:54:13.921000Z,2014-12-20T20:58:18.432000Z,https://swapi.dev/api/planets/9/,24,368,12240,temperate,1 standard,"cityscape, mountains",unknown,1000000000000,"['https://swapi.dev/api/people/34/', 'https://swapi.dev/api/people/55/', 'https://swapi.dev/api/people/74/']",,,,,,,,,,,,,
Kamino,,,,,,,,,['https://swapi.dev/api/films/5/'],,,,2014-12-10T12:45:06.577000Z,2014-12-20T20:58:18.434000Z,https://swapi.dev/api/planets/10/,27,463,19720,temperate,1 standard,ocean,100,1000000000,"['https://swapi.dev/api/people/22/', 'https://swapi.dev/api/people/72/', 'https://swapi.dev/api/people/73/']",,,,,,,,,,,,,
Geonosis,,,,,,,,,['https://swapi.dev/api/films/5/'],,,,2014-12-10T12:47:22.350000Z,2014-12-20T20:58:18.437000Z,https://swapi.dev/api/planets/11/,30,256,11370,"temperate, arid",0.9 standard,"rock, desert, mountain, barren",5,100000000000,['https://swapi.dev/api/people/63/'],,,,,,,,,,,,,
Utapau,,,,,,,,,['https://swapi.dev/api/films/6/'],,,,2014-12-10T12:49:01.491000Z,2014-12-20T20:58:18.439000Z,https://swapi.dev/api/planets/12/,27,351,12900,"temperate, arid, windy",1 standard,"scrublands, savanna, canyons, sinkholes",0.9,95000000,['https://swapi.dev/api/people/83/'],,,,,,,,,,,,,
Mustafar,,,,,,,,,['https://swapi.dev/api/films/6/'],,,,2014-12-10T12:50:16.526000Z,2014-12-20T20:58:18.440000Z,https://swapi.dev/api/planets/13/,36,412,4200,hot,1 standard,"volcanoes, lava rivers, mountains, caves",0,20000,[],,,,,,,,,,,,,
Kashyyyk,,,,,,,,,['https://swapi.dev/api/films/6/'],,,,2014-12-10T13:32:00.124000Z,2014-12-20T20:58:18.442000Z,https://swapi.dev/api/planets/14/,26,381,12765,tropical,1 standard,"jungle, forests, lakes, rivers",60,45000000,"['https://swapi.dev/api/people/13/', 'https://swapi.dev/api/people/80/']",,,,,,,,,,,,,
Polis Massa,,,,,,,,,['https://swapi.dev/api/films/6/'],,,,2014-12-10T13:33:46.405000Z,2014-12-20T20:58:18.444000Z,https://swapi.dev/api/planets/15/,24,590,0,artificial temperate ,0.56 standard,airless asteroid,0,1000000,[],,,,,,,,,,,,,
Mygeeto,,,,,,,,,['https://swapi.dev/api/films/6/'],,,,2014-12-10T13:43:39.139000Z,2014-12-20T20:58:18.446000Z,https://swapi.dev/api/planets/16/,12,167,10088,frigid,1 standard,"glaciers, mountains, ice canyons",unknown,19000000,[],,,,,,,,,,,,,
Felucia,,,,,,,,,['https://swapi.dev/api/films/6/'],,,,2014-12-10T13:44:50.397000Z,2014-12-20T20:58:18.447000Z,https://swapi.dev/api/planets/17/,34,231,9100,"hot, humid",0.75 standard,fungus forests,unknown,8500000,[],,,,,,,,,,,,,
Cato Neimoidia,,,,,,,,,['https://swapi.dev/api/films/6/'],,,,2014-12-10T13:46:28.704000Z,2014-12-20T20:58:18.449000Z,https://swapi.dev/api/planets/18/,25,278,0,"temperate, moist",1 standard,"mountains, fields, forests, rock arches",unknown,10000000,['https://swapi.dev/api/people/33/'],,,,,,,,,,,,,
Saleucami,,,,,,,,,['https://swapi.dev/api/films/6/'],,,,2014-12-10T13:47:46.874000Z,2014-12-20T20:58:18.450000Z,https://swapi.dev/api/planets/19/,26,392,14920,hot,unknown,"caves, desert, mountains, volcanoes",unknown,1400000000,[],,,,,,,,,,,,,
Stewjon,,,,,,,,,[],,,,2014-12-10T16:16:26.566000Z,2014-12-20T20:58:18.452000Z,https://swapi.dev/api/planets/20/,unknown,unknown,0,temperate,1 standard,grass,unknown,unknown,['https://swapi.dev/api/people/10/'],,,,,,,,,,,,,
Eriadu,,,,,,,,,[],,,,2014-12-10T16:26:54.384000Z,2014-12-20T20:58:18.454000Z,https://swapi.dev/api/planets/21/,24,360,13490,polluted,1 standard,cityscape,unknown,22000000000,['https://swapi.dev/api/people/12/'],,,,,,,,,,,,,
Corellia,,,,,,,,,[],,,,2014-12-10T16:49:12.453000Z,2014-12-20T20:58:18.456000Z,https://swapi.dev/api/planets/22/,25,329,11000,temperate,1 standard,"plains, urban, hills, forests",70,3000000000,"['https://swapi.dev/api/people/14/', 'https://swapi.dev/api/people/18/']",,,,,,,,,,,,,
Rodia,,,,,,,,,[],,,,2014-12-10T17:03:28.110000Z,2014-12-20T20:58:18.458000Z,https://swapi.dev/api/planets/23/,29,305,7549,hot,1 standard,"jungles, oceans, urban, swamps",60,1300000000,['https://swapi.dev/api/people/15/'],,,,,,,,,,,,,
Nal Hutta,,,,,,,,,[],,,,2014-12-10T17:11:29.452000Z,2014-12-20T20:58:18.460000Z,https://swapi.dev/api/planets/24/,87,413,12150,temperate,1 standard,"urban, oceans, swamps, bogs",unknown,7000000000,['https://swapi.dev/api/people/16/'],,,,,,,,,,,,,
Dantooine,,,,,,,,,[],,,,2014-12-10T17:23:29.896000Z,2014-12-20T20:58:18.461000Z,https://swapi.dev/api/planets/25/,25,378,9830,temperate,1 standard,"oceans, savannas, mountains, grasslands",unknown,1000,[],,,,,,,,,,,,,
Bestine IV,,,,,,,,,[],,,,2014-12-12T11:16:55.078000Z,2014-12-20T20:58:18.463000Z,https://swapi.dev/api/planets/26/,26,680,6400,temperate,unknown,"rocky islands, oceans",98,62000000,['https://swapi.dev/api/people/19/'],,,,,,,,,,,,,
Ord Mantell,,,,,,,,,['https://swapi.dev/api/films/2/'],,,,2014-12-15T12:23:41.661000Z,2014-12-20T20:58:18.464000Z,https://swapi.dev/api/planets/27/,26,334,14050,temperate,1 standard,"plains, seas, mesas",10,4000000000,[],,,,,,,,,,,,,
unknown,,,,,,,,,[],,,,2014-12-15T12:25:59.569000Z,2014-12-20T20:58:18.466000Z,https://swapi.dev/api/planets/28/,0,0,0,unknown,unknown,unknown,unknown,unknown,"['https://swapi.dev/api/people/20/', 'https://swapi.dev/api/people/23/', 'https://swapi.dev/api/people/29/', 'https://swapi.dev/api/people/32/', 'https://swapi.dev/api/people/75/']",,,,,,,,,,,,,
Trandosha,,,,,,,,,[],,,,2014-12-15T12:53:47.695000Z,2014-12-20T20:58:18.468000Z,https://swapi.dev/api/planets/29/,25,371,0,arid,0.62 standard,"mountains, seas, grasslands, deserts",unknown,42000000,['https://swapi.dev/api/people/24/'],,,,,,,,,,,,,
Socorro,,,,,,,,,[],,,,2014-12-15T12:56:31.121000Z,2014-12-20T20:58:18.469000Z,https://swapi.dev/api/planets/30/,20,326,0,arid,1 standard,"deserts, mountains",unknown,300000000,['https://swapi.dev/api/people/25/'],,,,,,,,,,,,,
Mon Cala,,,,,,,,,[],,,,2014-12-18T11:07:01.792000Z,2014-12-20T20:58:18.471000Z,https://swapi.dev/api/planets/31/,21,398,11030,temperate,1,"oceans, reefs, islands",100,27000000000,['https://swapi.dev/api/people/27/'],,,,,,,,,,,,,
Chandrila,,,,,,,,,[],,,,2014-12-18T11:11:51.872000Z,2014-12-20T20:58:18.472000Z,https://swapi.dev/api/planets/32/,20,368,13500,temperate,1,"plains, forests",40,1200000000,['https://swapi.dev/api/people/28/'],,,,,,,,,,,,,
Sullust,,,,,,,,,[],,,,2014-12-18T11:25:40.243000Z,2014-12-20T20:58:18.474000Z,https://swapi.dev/api/planets/33/,20,263,12780,superheated,1,"mountains, volcanoes, rocky deserts",5,18500000000,['https://swapi.dev/api/people/31/'],,,,,,,,,,,,,
Toydaria,,,,,,,,,[],,,,2014-12-19T17:47:54.403000Z,2014-12-20T20:58:18.476000Z,https://swapi.dev/api/planets/34/,21,184,7900,temperate,1,"swamps, lakes",unknown,11000000,['https://swapi.dev/api/people/40/'],,,,,,,,,,,,,
Malastare,,,,,,,,,[],,,,2014-12-19T17:52:13.106000Z,2014-12-20T20:58:18.478000Z,https://swapi.dev/api/planets/35/,26,201,18880,"arid, temperate, tropical",1.56,"swamps, deserts, jungles, mountains",unknown,2000000000,['https://swapi.dev/api/people/41/'],,,,,,,,,,,,,
Dathomir,,,,,,,,,[],,,,2014-12-19T18:00:40.142000Z,2014-12-20T20:58:18.480000Z,https://swapi.dev/api/planets/36/,24,491,10480,temperate,0.9,"forests, deserts, savannas",unknown,5200,['https://swapi.dev/api/people/44/'],,,,,,,,,,,,,
Ryloth,,,,,,,,,[],,,,2014-12-20T09:46:25.740000Z,2014-12-20T20:58:18.481000Z,https://swapi.dev/api/planets/37/,30,305,10600,"temperate, arid, subartic",1,"mountains, valleys, deserts, tundra",5,1500000000,"['https://swapi.dev/api/people/45/', 'https://swapi.dev/api/people/46/']",,,,,,,,,,,,,
Aleen Minor,,,,,,,,,[],,,,2014-12-20T09:52:23.452000Z,2014-12-20T20:58:18.483000Z,https://swapi.dev/api/planets/38/,unknown,unknown,unknown,unknown,unknown,unknown,unknown,unknown,['https://swapi.dev/api/people/47/'],,,,,,,,,,,,,
Vulpter,,,,,,,,,[],,,,2014-12-20T09:56:58.874000Z,2014-12-20T20:58:18.485000Z,https://swapi.dev/api/planets/39/,22,391,14900,"temperate, artic",1,"urban, barren",unknown,421000000,['https://swapi.dev/api/people/48/'],,,,,,,,,,,,,
Troiken,,,,,,,,,[],,,,2014-12-20T10:01:37.395000Z,2014-12-20T20:58:18.487000Z,https://swapi.dev/api/planets/40/,unknown,unknown,unknown,unknown,unknown,"desert, tundra, rainforests, mountains",unknown,unknown,['https://swapi.dev/api/people/49/'],,,,,,,,,,,,,
Tund,,,,,,,,,[],,,,2014-12-20T10:07:29.578000Z,2014-12-20T20:58:18.489000Z,https://swapi.dev/api/planets/41/,48,1770,12190,unknown,unknown,"barren, ash",unknown,0,['https://swapi.dev/api/people/50/'],,,,,,,,,,,,,
Haruun Kal,,,,,,,,,[],,,,2014-12-20T10:12:28.980000Z,2014-12-20T20:58:18.491000Z,https://swapi.dev/api/planets/42/,25,383,10120,temperate,0.98,"toxic cloudsea, plateaus, volcanoes",unknown,705300,['https://swapi.dev/api/people/51/'],,,,,,,,,,,,,
Cerea,,,,,,,,,[],,,,2014-12-20T10:14:48.178000Z,2014-12-20T20:58:18.493000Z,https://swapi.dev/api/planets/43/,27,386,unknown,temperate,1,verdant,20,450000000,['https://swapi.dev/api/people/52/'],,,,,,,,,,,,,
Glee Anselm,,,,,,,,,[],,,,2014-12-20T10:18:26.110000Z,2014-12-20T20:58:18.495000Z,https://swapi.dev/api/planets/44/,33,206,15600,"tropical, temperate",1,"lakes, islands, swamps, seas",80,500000000,['https://swapi.dev/api/people/53/'],,,,,,,,,,,,,
Iridonia,,,,,,,,,[],,,,2014-12-20T10:26:05.788000Z,2014-12-20T20:58:18.497000Z,https://swapi.dev/api/planets/45/,29,413,unknown,unknown,unknown,"rocky canyons, acid pools",unknown,unknown,['https://swapi.dev/api/people/54/'],,,,,,,,,,,,,
Tholoth,,,,,,,,,[],,,,2014-12-20T10:28:31.117000Z,2014-12-20T20:58:18.498000Z,https://swapi.dev/api/planets/46/,unknown,unknown,unknown,unknown,unknown,unknown,unknown,unknown,[],,,,,,,,,,,,,
Iktotch,,,,,,,,,[],,,,2014-12-20T10:31:32.413000Z,2014-12-20T20:58:18.500000Z,https://swapi.dev/api/planets/47/,22,481,unknown,"arid, rocky, windy",1,rocky,unknown,unknown,['https://swapi.dev/api/people/56/'],,,,,,,,,,,,,
Quermia,,,,,,,,,[],,,,2014-12-20T10:34:08.249000Z,2014-12-20T20:58:18.502000Z,https://swapi.dev/api/planets/48/,unknown,unknown,unknown,unknown,unknown,unknown,unknown,unknown,['https://swapi.dev/api/people/57/'],,,,,,,,,,,,,
Dorin,,,,,,,,,[],,,,2014-12-20T10:48:36.141000Z,2014-12-20T20:58:18.504000Z,https://swapi.dev/api/planets/49/,22,409,13400,temperate,1,unknown,unknown,unknown,['https://swapi.dev/api/people/58/'],,,,,,,,,,,,,
Champala,,,,,,,,,[],,,,2014-12-20T10:52:51.524000Z,2014-12-20T20:58:18.506000Z,https://swapi.dev/api/planets/50/,27,318,unknown,temperate,1,"oceans, rainforests, plateaus",unknown,3500000000,['https://swapi.dev/api/people/59/'],,,,,,,,,,,,,
Mirial,,,,,,,,,[],,,,2014-12-20T16:44:46.318000Z,2014-12-20T20:58:18.508000Z,https://swapi.dev/api/planets/51/,unknown,unknown,unknown,unknown,unknown,deserts,unknown,unknown,"['https://swapi.dev/api/people/64/', 'https://swapi.dev/api/people/65/']",,,,,,,,,,,,,
Serenno,,,,,,,,,[],,,,2014-12-20T16:52:13.357000Z,2014-12-20T20:58:18.510000Z,https://swapi.dev/api/planets/52/,unknown,unknown,unknown,unknown,unknown,"rainforests, rivers, mountains",unknown,unknown,['https://swapi.dev/api/people/67/'],,,,,,,,,,,,,
Concord Dawn,,,,,,,,,[],,,,2014-12-20T16:54:39.909000Z,2014-12-20T20:58:18.512000Z,https://swapi.dev/api/planets/53/,unknown,unknown,unknown,unknown,unknown,"jungles, forests, deserts",unknown,unknown,['https://swapi.dev/api/people/69/'],,,,,,,,,,,,,
Zolan,,,,,,,,,[],,,,2014-12-20T16:56:37.250000Z,2014-12-20T20:58:18.514000Z,https://swapi.dev/api/planets/54/,unknown,unknown,unknown,unknown,unknown,unknown,unknown,unknown,['https://swapi.dev/api/people/70/'],,,,,,,,,,,,,
Ojom,,,,,,,,,[],,,,2014-12-20T17:27:41.286000Z,2014-12-20T20:58:18.516000Z,https://swapi.dev/api/planets/55/,unknown,unknown,unknown,frigid,unknown,"oceans, glaciers",100,500000000,['https://swapi.dev/api/people/71/'],,,,,,,,,,,,,
Skako,,,,,,,,,[],,,,2014-12-20T17:50:47.864000Z,2014-12-20T20:58:18.517000Z,https://swapi.dev/api/planets/56/,27,384,unknown,temperate,1,"urban, vines",unknown,500000000000,['https://swapi.dev/api/people/76/'],,,,,,,,,,,,,
Muunilinst,,,,,,,,,[],,,,2014-12-20T17:57:47.420000Z,2014-12-20T20:58:18.519000Z,https://swapi.dev/api/planets/57/,28,412,13800,temperate,1,"plains, forests, hills, mountains",25,5000000000,['https://swapi.dev/api/people/77/'],,,,,,,,,,,,,
Shili,,,,,,,,,[],,,,2014-12-20T18:43:14.049000Z,2014-12-20T20:58:18.521000Z,https://swapi.dev/api/planets/58/,unknown,unknown,unknown,temperate,1,"cities, savannahs, seas, plains",unknown,unknown,['https://swapi.dev/api/people/78/'],,,,,,,,,,,,,
Kalee,,,,,,,,,[],,,,2014-12-20T19:43:51.278000Z,2014-12-20T20:58:18.523000Z,https://swapi.dev/api/planets/59/,23,378,13850,"arid, temperate, tropical",1,"rainforests, cliffs, canyons, seas",unknown,4000000000,['https://swapi.dev/api/people/79/'],,,,,,,,,,,,,
Umbara,,,,,,,,,[],,,,2014-12-20T20:18:36.256000Z,2014-12-20T20:58:18.525000Z,https://swapi.dev/api/planets/60/,unknown,unknown,unknown,unknown,unknown,unknown,unknown,unknown,['https://swapi.dev/api/people/82/'],,,,,,,,,,,,,
CR90 corvette,,,,,,,,,"['https://swapi.dev/api/films/1/', 'https://swapi.dev/api/films/3/', 'https://swapi.dev/api/films/6/']",,,,2014-12-10T14:20:33.369000Z,2014-12-20T21:23:49.867000Z,https://swapi.dev/api/starships/2/,,,,,,,,,,CR90 corvette,Corellian Engineering Corporation,3500000,150,950,30-165,600,3000000,1 year,2.0,60,corvette,[]
Star Destroyer,,,,,,,,,"['https://swapi.dev/api/films/1/', 'https://swapi.dev/api/films/2/', 'https://swapi.dev/api/films/3/']",,,,2014-12-10T15:08:19.848000Z,2014-12-20T21:23:49.870000Z,https://swapi.dev/api/starships/3/,,,,,,,,,,Imperial I-class Star Destroyer,Kuat Drive Yards,150000000,"1,600",975,"47,060",n/a,36000000,2 years,2.0,60,Star Destroyer,[]
Sentinel-class landing craft,,,,,,,,,['https://swapi.dev/api/films/1/'],,,,2014-12-10T15:48:00.586000Z,2014-12-20T21:23:49.873000Z,https://swapi.dev/api/starships/5/,,,,,,,,,,Sentinel-class landing craft,"Sienar Fleet Systems, Cyngus Spaceworks",240000,38,1000,5,75,180000,1 month,1.0,70,landing craft,[]
Death Star,,,,,,,,,['https://swapi.dev/api/films/1/'],,,,2014-12-10T16:36:50.509000Z,2014-12-20T21:26:24.783000Z,https://swapi.dev/api/starships/9/,,,,,,,,,,DS-1 Orbital Battle Station,"Imperial Department of Military Research, Sienar Fleet Systems",1000000000000,120000,n/a,"342,953","843,342",1000000000000,3 years,4.0,10,Deep Space Mobile Battlestation,[]
Millennium Falcon,,,,,,,,,"['https://swapi.dev/api/films/1/', 'https://swapi.dev/api/films/2/', 'https://swapi.dev/api/films/3/']",,,,2014-12-10T16:59:45.094000Z,2014-12-20T21:23:49.880000Z,https://swapi.dev/api/starships/10/,,,,,,,,,,YT-1300 light freighter,Corellian Engineering Corporation,100000,34.37,1050,4,6,100000,2 months,0.5,75,Light freighter,"['https://swapi.dev/api/people/13/', 'https://swapi.dev/api/people/14/', 'https://swapi.dev/api/people/25/', 'https://swapi.dev/api/people/31/']"
Y-wing,,,,,,,,,"['https://swapi.dev/api/films/1/', 'https://swapi.dev/api/films/2/', 'https://swapi.dev/api/films/3/']",,,,2014-12-12T11:00:39.817000Z,2014-12-20T21:23:49.883000Z,https://swapi.dev/api/starships/11/,,,,,,,,,,BTL Y-wing,Koensayr Manufacturing,134999,14,1000km,2,0,110,1 week,1.0,80,assault starfighter,[]
X-wing,,,,,,,,,"['https://swapi.dev/api/films/1/', 'https://swapi.dev/api/films/2/', 'https://swapi.dev/api/films/3/']",,,,2014-12-12T11:19:05.340000Z,2014-12-20T21:23:49.886000Z,https://swapi.dev/api/starships/12/,,,,,,,,,,T-65 X-wing,Incom Corporation,149999,12.5,1050,1,0,110,1 week,1.0,100,Starfighter,"['https://swapi.dev/api/people/1/', 'https://swapi.dev/api/people/9/', 'https://swapi.dev/api/people/18/', 'https://swapi.dev/api/people/19/']"
TIE Advanced x1,,,,,,,,,['https://swapi.dev/api/films/1/'],,,,2014-12-12T11:21:32.991000Z,2014-12-20T21:23:49.889000Z,https://swapi.dev/api/starships/13/,,,,,,,,,,Twin Ion Engine Advanced x1,Sienar Fleet Systems,unknown,9.2,1200,1,0,150,5 days,1.0,105,Starfighter,['https://swapi.dev/api/people/4/']
Executor,,,,,,,,,"['https://swapi.dev/api/films/2/', 'https://swapi.dev/api/films/3/']",,,,2014-12-15T12:31:42.547000Z,2014-12-20T21:23:49.893000Z,https://swapi.dev/api/starships/15/,,,,,,,,,,Executor-class star dreadnought,"Kuat Drive Yards, Fondor Shipyards",1143350000,19000,n/a,"279,144",38000,250000000,6 years,2.0,40,Star dreadnought,[]
Rebel transport,,,,,,,,,"['https://swapi.dev/api/films/2/', 'https://swapi.dev/api/films/3/']",,,,2014-12-15T12:34:52.264000Z,2014-12-20T21:23:49.895000Z,https://swapi.dev/api/starships/17/,,,,,,,,,,GR-75 medium transport,"Gallofree Yards, Inc.",unknown,90,650,6,90,19000000,6 months,4.0,20,Medium transport,[]
Slave 1,,,,,,,,,"['https://swapi.dev/api/films/2/', 'https://swapi.dev/api/films/5/']",,,,2014-12-15T13:00:56.332000Z,2014-12-20T21:23:49.897000Z,https://swapi.dev/api/starships/21/,,,,,,,,,,Firespray-31-class patrol and attack,Kuat Systems Engineering,unknown,21.5,1000,1,6,70000,1 month,3.0,70,Patrol craft,['https://swapi.dev/api/people/22/']
Imperial shuttle,,,,,,,,,"['https://swapi.dev/api/films/2/', 'https://swapi.dev/api/films/3/']",,,,2014-12-15T13:04:47.235000Z,2014-12-20T21:23:49.900000Z,https://swapi.dev/api/starships/22/,,,,,,,,,,Lambda-class T-4a shuttle,Sienar Fleet Systems,240000,20,850,6,20,80000,2 months,1.0,50,Armed government transport,"['https://swapi.dev/api/people/1/', 'https://swapi.dev/api/people/13/', 'https://swapi.dev/api/people/14/']"
EF76 Nebulon-B escort frigate,,,,,,,,,"['https://swapi.dev/api/films/2/', 'https://swapi.dev/api/films/3/']",,,,2014-12-15T13:06:30.813000Z,2014-12-20T21:23:49.902000Z,https://swapi.dev/api/starships/23/,,,,,,,,,,EF76 Nebulon-B escort frigate,Kuat Drive Yards,8500000,300,800,854,75,6000000,2 years,2.0,40,Escort ship,[]
Calamari Cruiser,,,,,,,,,['https://swapi.dev/api/films/3/'],,,,2014-12-18T10:54:57.804000Z,2014-12-20T21:23:49.904000Z,https://swapi.dev/api/starships/27/,,,,,,,,,,MC80 Liberty type Star Cruiser,Mon Calamari shipyards,104000000,1200,n/a,5400,1200,unknown,2 years,1.0,60,Star Cruiser,[]
A-wing,,,,,,,,,['https://swapi.dev/api/films/3/'],,,,2014-12-18T11:16:34.542000Z,2014-12-20T21:23:49.907000Z,https://swapi.dev/api/starships/28/,,,,,,,,,,RZ-1 A-wing Interceptor,"Alliance Underground Engineering, Incom Corporation",175000,9.6,1300,1,0,40,1 week,1.0,120,Starfighter,['https://swapi.dev/api/people/29/']
B-wing,,,,,,,,,['https://swapi.dev/api/films/3/'],,,,2014-12-18T11:18:04.763000Z,2014-12-20T21:23:49.909000Z,https://swapi.dev/api/starships/29/,,,,,,,,,,A/SF-01 B-wing starfighter,Slayn & Korpil,220000,16.9,950,1,0,45,1 week,2.0,91,Assault Starfighter,[]
Republic Cruiser,,,,,,,,,['https://swapi.dev/api/films/4/'],,,,2014-12-19T17:01:31.488000Z,2014-12-20T21:23:49.912000Z,https://swapi.dev/api/starships/31/,,,,,,,,,,Consular-class cruiser,Corellian Engineering Corporation,unknown,115,900,9,16,unknown,unknown,2.0,unknown,Space cruiser,[]
Droid control ship,,,,,,,,,"['https://swapi.dev/api/films/4/', 'https://swapi.dev/api/films/5/', 'https://swapi.dev/api/films/6/']",,,,2014-12-19T17:04:06.323000Z,2014-12-20T21:23:49.915000Z,https://swapi.dev/api/starships/32/,,,,,,,,,,Lucrehulk-class Droid Control Ship,"Hoersch-Kessel Drive, Inc.",unknown,3170,n/a,175,139000,4000000000,500 days,2.0,unknown,Droid control ship,[]
Naboo fighter,,,,,,,,,"['https://swapi.dev/api/films/4/', 'https://swapi.dev/api/films/5/']",,,,2014-12-19T17:39:17.582000Z,2014-12-20T21:23:49.917000Z,https://swapi.dev/api/starships/39/,,,,,,,,,,N-1 starfighter,Theed Palace Space Vessel Engineering Corps,200000,11,1100,1,0,65,7 days,1.0,unknown,Starfighter,"['https://swapi.dev/api/people/11/', 'https://swapi.dev/api/people/35/', 'https://swapi.dev/api/people/60/']"
Naboo Royal Starship,,,,,,,,,['https://swapi.dev/api/films/4/'],,,,2014-12-19T17:45:03.506000Z,2014-12-20T21:23:49.919000Z,https://swapi.dev/api/starships/40/,,,,,,,,,,J-type 327 Nubian royal starship,"Theed Palace Space Vessel Engineering Corps, Nubia Star Drives",unknown,76,920,8,unknown,unknown,unknown,1.8,unknown,yacht,['https://swapi.dev/api/people/39/']
Scimitar,,,,,,,,,['https://swapi.dev/api/films/4/'],,,,2014-12-20T09:39:56.116000Z,2014-12-20T21:23:49.922000Z,https://swapi.dev/api/starships/41/,,,,,,,,,,Star Courier,Republic Sienar Systems,55000000,26.5,1180,1,6,2500000,30 days,1.5,unknown,Space Transport,['https://swapi.dev/api/people/44/']
J-type diplomatic barge,,,,,,,,,['https://swapi.dev/api/films/5/'],,,,2014-12-20T11:05:51.237000Z,2014-12-20T21:23:49.925000Z,https://swapi.dev/api/starships/43/,,,,,,,,,,J-type diplomatic barge,"Theed Palace Space Vessel Engineering Corps, Nubia Star Drives",2000000,39,2000,5,10,unknown,1 year,0.7,unknown,Diplomatic barge,[]
AA-9 Coruscant freighter,,,,,,,,,['https://swapi.dev/api/films/5/'],,,,2014-12-20T17:24:23.509000Z,2014-12-20T21:23:49.928000Z,https://swapi.dev/api/starships/47/,,,,,,,,,,Botajef AA-9 Freighter-Liner,Botajef Shipyards,unknown,390,unknown,unknown,30000,unknown,unknown,unknown,unknown,freighter,[]
Jedi starfighter,,,,,,,,,"['https://swapi.dev/api/films/5/', 'https://swapi.dev/api/films/6/']",,,,2014-12-20T17:35:23.906000Z,2014-12-20T21:23:49.930000Z,https://swapi.dev/api/starships/48/,,,,,,,,,,Delta-7 Aethersprite-class interceptor,Kuat Systems Engineering,180000,8,1150,1,0,60,7 days,1.0,unknown,Starfighter,"['https://swapi.dev/api/people/10/', 'https://swapi.dev/api/people/58/']"
H-type Nubian yacht,,,,,,,,,['https://swapi.dev/api/films/5/'],,,,2014-12-20T17:46:46.847000Z,2014-12-20T21:23:49.932000Z,https://swapi.dev/api/starships/49/,,,,,,,,,,H-type Nubian yacht,Theed Palace Space Vessel Engineering Corps,unknown,47.9,8000,4,unknown,unknown,unknown,0.9,unknown,yacht,['https://swapi.dev/api/people/35/']
Republic Assault ship,,,,,,,,,['https://swapi.dev/api/films/5/'],,,,2014-12-20T18:08:42.926000Z,2014-12-20T21:23:49.935000Z,https://swapi.dev/api/starships/52/,,,,,,,,,,Acclamator I-class assault ship,Rothana Heavy Engineering,unknown,752,unknown,700,16000,11250000,2 years,0.6,unknown,assault ship,[]
Solar Sailer,,,,,,,,,['https://swapi.dev/api/films/5/'],,,,2014-12-20T18:37:56.969000Z,2014-12-20T21:23:49.937000Z,https://swapi.dev/api/starships/58/,,,,,,,,,,Punworcca 116-class interstellar sloop,Huppla Pasa Tisc Shipwrights Collective,35700,15.2,1600,3,11,240,7 days,1.5,unknown,yacht,[]
Trade Federation cruiser,,,,,,,,,['https://swapi.dev/api/films/6/'],,,,2014-12-20T19:40:21.902000Z,2014-12-20T21:23:49.941000Z,https://swapi.dev/api/starships/59/,,,,,,,,,,Providence-class carrier/destroyer,"Rendili StarDrive, Free Dac Volunteers Engineering corps.",125000000,1088,1050,600,48247,50000000,4 years,1.5,unknown,capital ship,"['https://swapi.dev/api/people/10/', 'https://swapi.dev/api/people/11/']"
Theta-class T-2c shuttle,,,,,,,,,['https://swapi.dev/api/films/6/'],,,,2014-12-20T19:48:40.409000Z,2014-12-20T21:23:49.944000Z,https://swapi.dev/api/starships/61/,,,,,,,,,,Theta-class T-2c shuttle,Cygnus Spaceworks,1000000,18.5,2000,5,16,50000,56 days,1.0,unknown,transport,[]
Republic attack cruiser,,,,,,,,,['https://swapi.dev/api/films/6/'],,,,2014-12-20T19:52:56.232000Z,2014-12-20T21:23:49.946000Z,https://swapi.dev/api/starships/63/,,,,,,,,,,Senator-class Star Destroyer,"Kuat Drive Yards, Allanteen Six shipyards",59000000,1137,975,7400,2000,20000000,2 years,1.0,unknown,star destroyer,[]
Naboo star skiff,,,,,,,,,['https://swapi.dev/api/films/6/'],,,,2014-12-20T19:55:15.396000Z,2014-12-20T21:23:49.948000Z,https://swapi.dev/api/starships/64/,,,,,,,,,,J-type star skiff,"Theed Palace Space Vessel Engineering Corps/Nubia Star Drives, Incorporated",unknown,29.2,1050,3,3,unknown,unknown,0.5,unknown,yacht,"['https://swapi.dev/api/people/10/', 'https://swapi.dev/api/people/35/']"
Jedi Interceptor,,,,,,,,,['https://swapi.dev/api/films/6/'],,,,2014-12-20T19:56:57.468000Z,2014-12-20T21:23:49.951000Z,https://swapi.dev/api/starships/65/,,,,,,,,,,Eta-2 Actis-class light interceptor,Kuat Systems Engineering,320000,5.47,1500,1,0,60,2 days,1.0,unknown,starfighter,"['https://swapi.dev/api/people/10/', 'https://swapi.dev/api/people/11/']"
arc-170,,,,,,,,,['https://swapi.dev/api/films/6/'],,,,2014-12-20T20:03:48.603000Z,2014-12-20T21:23:49.953000Z,https://swapi.dev/api/starships/66/,,,,,,,,,,Aggressive Reconnaissance-170 starfighte,"Incom Corporation, Subpro Corporation",155000,14.5,1000,3,0,110,5 days,1.0,100,starfighter,[]
Banking clan frigte,,,,,,,,,['https://swapi.dev/api/films/6/'],,,,2014-12-20T20:07:11.538000Z,2014-12-20T21:23:49.956000Z,https://swapi.dev/api/starships/68/,,,,,,,,,,Munificent-class star frigate,"Hoersch-Kessel Drive, Inc, Gwori Revolutionary Industries",57000000,825,unknown,200,unknown,40000000,2 years,1.0,unknown,cruiser,[]
Belbullab-22 starfighter,,,,,,,,,['https://swapi.dev/api/films/6/'],,,,2014-12-20T20:38:05.031000Z,2014-12-20T21:23:49.959000Z,https://swapi.dev/api/starships/74/,,,,,,,,,,Belbullab-22 starfighter,Feethan Ottraw Scalable Assemblies,168000,6.71,1100,1,0,140,7 days,6,unknown,starfighter,"['https://swapi.dev/api/people/10/', 'https://swapi.dev/api/people/79/']"
V-wing,,,,,,,,,['https://swapi.dev/api/films/6/'],,,,2014-12-20T20:43:04.349000Z,2014-12-20T21:23:49.961000Z,https://swapi.dev/api/starships/75/,,,,,,,,,,Alpha-3 Nimbus-class V-wing starfighter,Kuat Systems Engineering,102500,7.9,1050,1,0,60,15 hours,1.0,unknown,starfighter,[]
